"Date"	"Mean daily flow, Saugeen River near Port Elgin, Jan 01, 1988 to Dec 31, 1991"
"1988-01-01"	58
"1988-01-02"	45.2
"1988-01-03"	43.8
"1988-01-04"	41.8
"1988-01-05"	37.8
"1988-01-06"	35.4
"1988-01-07"	33.1
"1988-01-08"	31.9
"1988-01-09"	31
"1988-01-10"	30.4
"1988-01-11"	29.9
"1988-01-12"	29.5
"1988-01-13"	29.3
"1988-01-14"	29.1
"1988-01-15"	28.8
"1988-01-16"	28.7
"1988-01-17"	31
"1988-01-18"	44.6
"1988-01-19"	71.8
"1988-01-20"	80.4
"1988-01-21"	105
"1988-01-22"	89.6
"1988-01-23"	84.4
"1988-01-24"	76.8
"1988-01-25"	67.9
"1988-01-26"	63.7
"1988-01-27"	54.5
"1988-01-28"	51
"1988-01-29"	49.4
"1988-01-30"	66
"1988-01-31"	159
"1988-02-01"	242
"1988-02-02"	249
"1988-02-03"	184
"1988-02-04"	143
"1988-02-05"	118
"1988-02-06"	75.4
"1988-02-07"	63.5
"1988-02-08"	61
"1988-02-09"	57.8
"1988-02-10"	54.2
"1988-02-11"	51.5
"1988-02-12"	49.8
"1988-02-13"	48.2
"1988-02-14"	47
"1988-02-15"	50.2
"1988-02-16"	69.7
"1988-02-17"	78
"1988-02-18"	82
"1988-02-19"	87.9
"1988-02-20"	79.9
"1988-02-21"	68.2
"1988-02-22"	58
"1988-02-23"	56
"1988-02-24"	54
"1988-02-25"	52.5
"1988-02-26"	52
"1988-02-27"	51.5
"1988-02-28"	49.9
"1988-02-29"	49
"1988-03-01"	48
"1988-03-02"	47.2
"1988-03-03"	46
"1988-03-04"	45.3
"1988-03-05"	44
"1988-03-06"	43.3
"1988-03-07"	43.2
"1988-03-08"	45
"1988-03-09"	65.5
"1988-03-10"	87.8
"1988-03-11"	97.2
"1988-03-12"	103
"1988-03-13"	111
"1988-03-14"	104
"1988-03-15"	91.2
"1988-03-16"	82.8
"1988-03-17"	72.8
"1988-03-18"	69.9
"1988-03-19"	63.6
"1988-03-20"	57
"1988-03-21"	53.1
"1988-03-22"	49
"1988-03-23"	51.2
"1988-03-24"	132
"1988-03-25"	228
"1988-03-26"	363
"1988-03-27"	368
"1988-03-28"	303
"1988-03-29"	260
"1988-03-30"	260
"1988-03-31"	240
"1988-04-01"	209
"1988-04-02"	182
"1988-04-03"	164
"1988-04-04"	169
"1988-04-05"	184
"1988-04-06"	171
"1988-04-07"	143
"1988-04-08"	122
"1988-04-09"	104
"1988-04-10"	88.8
"1988-04-11"	77.4
"1988-04-12"	68.1
"1988-04-13"	61.4
"1988-04-14"	58.6
"1988-04-15"	59.5
"1988-04-16"	59.1
"1988-04-17"	56.6
"1988-04-18"	57.6
"1988-04-19"	57.9
"1988-04-20"	56.5
"1988-04-21"	54.2
"1988-04-22"	51.9
"1988-04-23"	49
"1988-04-24"	51
"1988-04-25"	57.1
"1988-04-26"	58.9
"1988-04-27"	55.7
"1988-04-28"	52.6
"1988-04-29"	51.2
"1988-04-30"	51.1
"1988-05-01"	53
"1988-05-02"	50.9
"1988-05-03"	46.2
"1988-05-04"	41.8
"1988-05-05"	38.7
"1988-05-06"	36.2
"1988-05-07"	34.3
"1988-05-08"	32.1
"1988-05-09"	31.8
"1988-05-10"	35.6
"1988-05-11"	41.5
"1988-05-12"	41.3
"1988-05-13"	38.6
"1988-05-14"	36.9
"1988-05-15"	35.2
"1988-05-16"	37.8
"1988-05-17"	48.4
"1988-05-18"	51.4
"1988-05-19"	44.4
"1988-05-20"	39.3
"1988-05-21"	46.4
"1988-05-22"	62.5
"1988-05-23"	57.3
"1988-05-24"	49.3
"1988-05-25"	41.3
"1988-05-26"	35.7
"1988-05-27"	32.1
"1988-05-28"	29.6
"1988-05-29"	27.8
"1988-05-30"	25.7
"1988-05-31"	24.2
"1988-06-01"	22.7
"1988-06-02"	21.6
"1988-06-03"	20.7
"1988-06-04"	20
"1988-06-05"	19.4
"1988-06-06"	18.9
"1988-06-07"	18.4
"1988-06-08"	18.1
"1988-06-09"	18.6
"1988-06-10"	18.5
"1988-06-11"	18
"1988-06-12"	17.6
"1988-06-13"	17.1
"1988-06-14"	16.2
"1988-06-15"	15.4
"1988-06-16"	14.8
"1988-06-17"	14.5
"1988-06-18"	14.5
"1988-06-19"	14.5
"1988-06-20"	13.5
"1988-06-21"	13.1
"1988-06-22"	14.6
"1988-06-23"	19.2
"1988-06-24"	24.9
"1988-06-25"	22.6
"1988-06-26"	20.2
"1988-06-27"	17.9
"1988-06-28"	16.4
"1988-06-29"	15.2
"1988-06-30"	14.5
"1988-07-01"	13.5
"1988-07-02"	13.3
"1988-07-03"	12.8
"1988-07-04"	12.4
"1988-07-05"	12.5
"1988-07-06"	11.7
"1988-07-07"	11.6
"1988-07-08"	10.9
"1988-07-09"	10.2
"1988-07-10"	9.9
"1988-07-11"	11.3
"1988-07-12"	11.2
"1988-07-13"	10.1
"1988-07-14"	10.5
"1988-07-15"	10.2
"1988-07-16"	10.8
"1988-07-17"	10.8
"1988-07-18"	11.1
"1988-07-19"	11.4
"1988-07-20"	10
"1988-07-21"	9.5
"1988-07-22"	9.6
"1988-07-23"	9
"1988-07-24"	8.7
"1988-07-25"	9.3
"1988-07-26"	10.8
"1988-07-27"	11.6
"1988-07-28"	11.1
"1988-07-29"	10.3
"1988-07-30"	10.3
"1988-07-31"	10.5
"1988-08-01"	12.6
"1988-08-02"	12.8
"1988-08-03"	13
"1988-08-04"	13.3
"1988-08-05"	12.7
"1988-08-06"	12.3
"1988-08-07"	12.8
"1988-08-08"	12.5
"1988-08-09"	12.3
"1988-08-10"	11
"1988-08-11"	11.7
"1988-08-12"	13.1
"1988-08-13"	14.9
"1988-08-14"	14.7
"1988-08-15"	12.9
"1988-08-16"	12.9
"1988-08-17"	12.6
"1988-08-18"	13.4
"1988-08-19"	13.3
"1988-08-20"	12.2
"1988-08-21"	10.8
"1988-08-22"	9.7
"1988-08-23"	9.7
"1988-08-24"	9.8
"1988-08-25"	9.5
"1988-08-26"	10.9
"1988-08-27"	12
"1988-08-28"	12.4
"1988-08-29"	12.4
"1988-08-30"	12.1
"1988-08-31"	11.1
"1988-09-01"	10.5
"1988-09-02"	10
"1988-09-03"	10
"1988-09-04"	10.7
"1988-09-05"	19.2
"1988-09-06"	24.1
"1988-09-07"	21.5
"1988-09-08"	18.6
"1988-09-09"	16.2
"1988-09-10"	14.5
"1988-09-11"	12.6
"1988-09-12"	11.6
"1988-09-13"	12.1
"1988-09-14"	11.3
"1988-09-15"	11.9
"1988-09-16"	11.9
"1988-09-17"	11.7
"1988-09-18"	12
"1988-09-19"	12.7
"1988-09-20"	13.2
"1988-09-21"	13.1
"1988-09-22"	13.1
"1988-09-23"	14
"1988-09-24"	15
"1988-09-25"	15.5
"1988-09-26"	15.4
"1988-09-27"	13.7
"1988-09-28"	12.6
"1988-09-29"	11.1
"1988-09-30"	10.3
"1988-10-01"	10.8
"1988-10-02"	14.1
"1988-10-03"	17.9
"1988-10-04"	22.5
"1988-10-05"	24.8
"1988-10-06"	24.6
"1988-10-07"	23.5
"1988-10-08"	22.3
"1988-10-09"	19.6
"1988-10-10"	18.4
"1988-10-11"	27.3
"1988-10-12"	46.9
"1988-10-13"	43.7
"1988-10-14"	35.7
"1988-10-15"	29.2
"1988-10-16"	24.9
"1988-10-17"	22.3
"1988-10-18"	34
"1988-10-19"	38.3
"1988-10-20"	33.8
"1988-10-21"	30
"1988-10-22"	27.9
"1988-10-23"	26.5
"1988-10-24"	27.3
"1988-10-25"	45
"1988-10-26"	76.1
"1988-10-27"	85.4
"1988-10-28"	76.4
"1988-10-29"	71.4
"1988-10-30"	62.3
"1988-10-31"	53.5
"1988-11-01"	48.3
"1988-11-02"	45.4
"1988-11-03"	40.6
"1988-11-04"	37.3
"1988-11-05"	37.4
"1988-11-06"	39.7
"1988-11-07"	39.6
"1988-11-08"	41.3
"1988-11-09"	48.5
"1988-11-10"	150
"1988-11-11"	202
"1988-11-12"	160
"1988-11-13"	157
"1988-11-14"	157
"1988-11-15"	126
"1988-11-16"	104
"1988-11-17"	86.7
"1988-11-18"	74.4
"1988-11-19"	64.1
"1988-11-20"	57.1
"1988-11-21"	58.4
"1988-11-22"	65.3
"1988-11-23"	64.7
"1988-11-24"	58.5
"1988-11-25"	52.2
"1988-11-26"	47.7
"1988-11-27"	45.5
"1988-11-28"	46.5
"1988-11-29"	49.1
"1988-11-30"	51.5
"1988-12-01"	57.1
"1988-12-02"	53.5
"1988-12-03"	48.5
"1988-12-04"	45.2
"1988-12-05"	41.5
"1988-12-06"	40.1
"1988-12-07"	37.2
"1988-12-08"	35.1
"1988-12-09"	31.4
"1988-12-10"	30
"1988-12-11"	23.7
"1988-12-12"	22.5
"1988-12-13"	22.1
"1988-12-14"	25.6
"1988-12-15"	24.9
"1988-12-16"	24.6
"1988-12-17"	24.2
"1988-12-18"	23.9
"1988-12-19"	32.6
"1988-12-20"	43.8
"1988-12-21"	102
"1988-12-22"	88.6
"1988-12-23"	92.4
"1988-12-24"	95.6
"1988-12-25"	92.6
"1988-12-26"	72
"1988-12-27"	66.3
"1988-12-28"	107
"1988-12-29"	100
"1988-12-30"	83.5
"1989-01-01"	75.2
"1989-01-02"	61.4
"1989-01-03"	55.2
"1989-01-04"	47
"1989-01-05"	41
"1989-01-06"	39.4
"1989-01-07"	38
"1989-01-08"	37
"1989-01-09"	42
"1989-01-10"	58
"1989-01-11"	90
"1989-01-12"	84
"1989-01-13"	77
"1989-01-14"	70
"1989-01-15"	65
"1989-01-16"	60
"1989-01-17"	54.8
"1989-01-18"	49.9
"1989-01-19"	46.2
"1989-01-20"	42
"1989-01-21"	38
"1989-01-22"	36
"1989-01-23"	35
"1989-01-24"	34
"1989-01-25"	33.5
"1989-01-26"	33.5
"1989-01-27"	34
"1989-01-28"	35
"1989-01-29"	37
"1989-01-30"	42
"1989-01-31"	50
"1989-02-01"	58
"1989-02-02"	79.5
"1989-02-03"	72
"1989-02-04"	62
"1989-02-05"	54
"1989-02-06"	47
"1989-02-07"	40
"1989-02-08"	34
"1989-02-09"	30
"1989-02-10"	27
"1989-02-11"	25.5
"1989-02-12"	24
"1989-02-13"	23
"1989-02-14"	22
"1989-02-15"	21.5
"1989-02-16"	22
"1989-02-17"	23
"1989-02-18"	21.8
"1989-02-19"	21
"1989-02-20"	20
"1989-02-21"	19.5
"1989-02-22"	19
"1989-02-23"	18.5
"1989-02-24"	18
"1989-02-25"	17.5
"1989-02-26"	17
"1989-02-27"	16.8
"1989-02-28"	16.6
"1989-03-01"	16.4
"1989-03-02"	16
"1989-03-03"	16.2
"1989-03-04"	16.4
"1989-03-05"	16.6
"1989-03-06"	16.8
"1989-03-07"	18
"1989-03-08"	19.5
"1989-03-09"	20.5
"1989-03-10"	20
"1989-03-11"	18.5
"1989-03-12"	18
"1989-03-13"	18.4
"1989-03-14"	19
"1989-03-15"	25
"1989-03-16"	80
"1989-03-17"	150
"1989-03-18"	115
"1989-03-19"	100
"1989-03-20"	85
"1989-03-21"	78
"1989-03-22"	72
"1989-03-23"	66
"1989-03-24"	62
"1989-03-25"	60
"1989-03-26"	74
"1989-03-27"	150
"1989-03-28"	300
"1989-03-29"	453
"1989-03-30"	529
"1989-03-31"	528
"1989-04-01"	460
"1989-04-02"	253
"1989-04-03"	181
"1989-04-04"	151
"1989-04-05"	149
"1989-04-06"	153
"1989-04-07"	144
"1989-04-08"	138
"1989-04-09"	126
"1989-04-10"	109
"1989-04-11"	95.5
"1989-04-12"	83.8
"1989-04-13"	77.5
"1989-04-14"	79.4
"1989-04-15"	81.4
"1989-04-16"	87.8
"1989-04-17"	93.1
"1989-04-18"	95.6
"1989-04-19"	89.1
"1989-04-20"	83.4
"1989-04-21"	74.6
"1989-04-22"	65.6
"1989-04-23"	59.4
"1989-04-24"	54.1
"1989-04-25"	49.9
"1989-04-26"	46.9
"1989-04-27"	44.5
"1989-04-28"	41.9
"1989-04-29"	40.7
"1989-04-30"	39.2
"1989-05-01"	37.9
"1989-05-02"	37.3
"1989-05-03"	35.9
"1989-05-04"	35.1
"1989-05-05"	34.4
"1989-05-06"	34.2
"1989-05-07"	36
"1989-05-08"	39.5
"1989-05-09"	44.4
"1989-05-10"	51.1
"1989-05-11"	53.7
"1989-05-12"	50.9
"1989-05-13"	46.7
"1989-05-14"	54.2
"1989-05-15"	69.9
"1989-05-16"	71.4
"1989-05-17"	63
"1989-05-18"	53
"1989-05-19"	46
"1989-05-20"	40.3
"1989-05-21"	37.4
"1989-05-22"	38.9
"1989-05-23"	44.9
"1989-05-24"	44.1
"1989-05-25"	40.1
"1989-05-26"	36.5
"1989-05-27"	40.6
"1989-05-28"	44
"1989-05-29"	39.9
"1989-05-30"	35.1
"1989-05-31"	31.8
"1989-06-01"	32
"1989-06-02"	32.7
"1989-06-03"	32.7
"1989-06-04"	31.3
"1989-06-05"	34.4
"1989-06-06"	33.8
"1989-06-07"	31
"1989-06-08"	27.9
"1989-06-09"	25.1
"1989-06-10"	25.9
"1989-06-11"	45
"1989-06-12"	62.8
"1989-06-13"	55
"1989-06-14"	46
"1989-06-15"	39.1
"1989-06-16"	33.4
"1989-06-17"	32.4
"1989-06-18"	34.4
"1989-06-19"	35.2
"1989-06-20"	36
"1989-06-21"	40.1
"1989-06-22"	48.8
"1989-06-23"	47.5
"1989-06-24"	52.3
"1989-06-25"	66
"1989-06-26"	72.7
"1989-06-27"	62.8
"1989-06-28"	47.1
"1989-06-29"	37.1
"1989-06-30"	32
"1989-07-01"	28.1
"1989-07-02"	25.2
"1989-07-03"	23.3
"1989-07-04"	22.1
"1989-07-05"	20.3
"1989-07-06"	19.2
"1989-07-07"	18.8
"1989-07-08"	18.8
"1989-07-09"	18
"1989-07-10"	16.9
"1989-07-11"	16.2
"1989-07-12"	15.5
"1989-07-13"	16
"1989-07-14"	14.5
"1989-07-15"	13.9
"1989-07-16"	13.1
"1989-07-17"	13.4
"1989-07-18"	13.2
"1989-07-19"	12.5
"1989-07-20"	12.8
"1989-07-21"	12.3
"1989-07-22"	12.1
"1989-07-23"	12.1
"1989-07-24"	11.6
"1989-07-25"	11.6
"1989-07-26"	11.3
"1989-07-27"	11
"1989-07-28"	11
"1989-07-29"	11.3
"1989-07-30"	11.1
"1989-07-31"	10.7
"1989-08-01"	10.9
"1989-08-02"	10.8
"1989-08-03"	10.3
"1989-08-04"	10
"1989-08-05"	10.8
"1989-08-06"	11.8
"1989-08-07"	14.7
"1989-08-08"	14.6
"1989-08-09"	13.3
"1989-08-10"	12.7
"1989-08-11"	11.8
"1989-08-12"	11.3
"1989-08-13"	11.4
"1989-08-14"	11
"1989-08-15"	10.6
"1989-08-16"	11.7
"1989-08-17"	12.9
"1989-08-18"	12
"1989-08-19"	11.8
"1989-08-20"	11.1
"1989-08-21"	10.2
"1989-08-22"	10.2
"1989-08-23"	10.7
"1989-08-24"	10.5
"1989-08-25"	10.8
"1989-08-26"	10.4
"1989-08-27"	10
"1989-08-28"	9.3
"1989-08-29"	9.6
"1989-08-30"	9.9
"1989-08-31"	10.5
"1989-09-01"	11.7
"1989-09-02"	11.7
"1989-09-03"	11
"1989-09-04"	11
"1989-09-05"	11.2
"1989-09-06"	10.7
"1989-09-07"	10.5
"1989-09-08"	10.1
"1989-09-09"	10.1
"1989-09-10"	10.4
"1989-09-11"	10.9
"1989-09-12"	15.5
"1989-09-13"	15.4
"1989-09-14"	13.5
"1989-09-15"	12.6
"1989-09-16"	12
"1989-09-17"	11.5
"1989-09-18"	11
"1989-09-19"	11.5
"1989-09-20"	12.4
"1989-09-21"	11.6
"1989-09-22"	11.3
"1989-09-23"	10.7
"1989-09-24"	10.8
"1989-09-25"	11.8
"1989-09-26"	14
"1989-09-27"	13.2
"1989-09-28"	12.5
"1989-09-29"	11.7
"1989-09-30"	11.2
"1989-10-01"	11.1
"1989-10-02"	10.5
"1989-10-03"	10.5
"1989-10-04"	10.6
"1989-10-05"	10.2
"1989-10-06"	10.5
"1989-10-07"	10.6
"1989-10-08"	11.4
"1989-10-09"	11.1
"1989-10-10"	11.1
"1989-10-11"	12.4
"1989-10-12"	15.5
"1989-10-13"	17.1
"1989-10-14"	16
"1989-10-15"	17.5
"1989-10-16"	24.4
"1989-10-17"	27.9
"1989-10-18"	25.3
"1989-10-19"	22.8
"1989-10-20"	20.9
"1989-10-21"	20.1
"1989-10-22"	18.9
"1989-10-23"	18.6
"1989-10-24"	18.8
"1989-10-25"	18.3
"1989-10-26"	17.9
"1989-10-27"	17.5
"1989-10-28"	15.9
"1989-10-29"	15.3
"1989-10-30"	14.6
"1989-10-31"	13.9
"1989-11-01"	14.5
"1989-11-02"	13.7
"1989-11-03"	14
"1989-11-04"	14.5
"1989-11-05"	15
"1989-11-06"	15.3
"1989-11-07"	15.7
"1989-11-08"	16.6
"1989-11-09"	18.8
"1989-11-10"	21.1
"1989-11-11"	22
"1989-11-12"	24.2
"1989-11-13"	24.6
"1989-11-14"	24.2
"1989-11-15"	22.8
"1989-11-16"	23.3
"1989-11-17"	32.3
"1989-11-18"	60.5
"1989-11-19"	66.3
"1989-11-20"	54.7
"1989-11-21"	52.8
"1989-11-22"	74.3
"1989-11-23"	72.8
"1989-11-24"	61.9
"1989-11-25"	51.1
"1989-11-26"	43.6
"1989-11-27"	39.1
"1989-11-28"	37.7
"1989-11-29"	125
"1989-11-30"	119
"1989-12-01"	91.9
"1989-12-02"	77.5
"1989-12-03"	62.6
"1989-12-04"	49.5
"1989-12-05"	44.5
"1989-12-06"	41.4
"1989-12-07"	36.8
"1989-12-08"	32.9
"1989-12-09"	29.2
"1989-12-10"	27
"1989-12-11"	24.3
"1989-12-12"	22.4
"1989-12-13"	20.6
"1989-12-14"	19.3
"1989-12-15"	18.4
"1989-12-16"	17.9
"1989-12-17"	17.2
"1989-12-18"	16.7
"1989-12-19"	16.2
"1989-12-20"	16
"1989-12-21"	15.7
"1989-12-22"	15.3
"1989-12-23"	14.9
"1989-12-24"	14.8
"1989-12-25"	14.4
"1989-12-26"	14.1
"1989-12-27"	13.9
"1989-12-28"	13.7
"1989-12-29"	13.6
"1989-12-30"	13.5
"1989-12-31"	14.5
"1990-01-01"	19
"1990-01-02"	23.4
"1990-01-03"	20.6
"1990-01-04"	24.7
"1990-01-05"	29.8
"1990-01-06"	75.5
"1990-01-07"	85.5
"1990-01-08"	78
"1990-01-09"	72.5
"1990-01-10"	67.5
"1990-01-11"	65.7
"1990-01-12"	63.5
"1990-01-13"	58.5
"1990-01-14"	53
"1990-01-15"	48.5
"1990-01-16"	42.5
"1990-01-17"	38.3
"1990-01-18"	112
"1990-01-19"	164
"1990-01-20"	153
"1990-01-21"	140
"1990-01-22"	123
"1990-01-23"	109
"1990-01-24"	97
"1990-01-25"	87.5
"1990-01-26"	98
"1990-01-27"	135
"1990-01-28"	121
"1990-01-29"	138
"1990-01-30"	116
"1990-01-31"	99
"1990-02-01"	87
"1990-02-02"	79
"1990-02-03"	77.5
"1990-02-04"	72
"1990-02-05"	64
"1990-02-06"	59
"1990-02-07"	55.5
"1990-02-08"	53
"1990-02-09"	50.5
"1990-02-10"	116
"1990-02-11"	139
"1990-02-12"	117
"1990-02-13"	105
"1990-02-14"	93.5
"1990-02-15"	82
"1990-02-16"	72
"1990-02-17"	63.5
"1990-02-18"	56
"1990-02-19"	51.5
"1990-02-20"	48.5
"1990-02-21"	46
"1990-02-22"	47
"1990-02-23"	47.5
"1990-02-24"	70.8
"1990-02-25"	91.5
"1990-02-26"	70
"1990-02-27"	59
"1990-02-28"	56
"1990-03-01"	54.5
"1990-03-02"	51.5
"1990-03-03"	49.5
"1990-03-04"	46.5
"1990-03-05"	43
"1990-03-06"	40
"1990-03-07"	38.3
"1990-03-08"	36.8
"1990-03-09"	35.8
"1990-03-10"	35
"1990-03-11"	40
"1990-03-12"	89
"1990-03-13"	490
"1990-03-14"	589
"1990-03-15"	552
"1990-03-16"	564
"1990-03-17"	466
"1990-03-18"	317
"1990-03-19"	235
"1990-03-20"	187
"1990-03-21"	147
"1990-03-22"	120
"1990-03-23"	103
"1990-03-24"	118
"1990-03-25"	144
"1990-03-26"	131
"1990-03-27"	117
"1990-03-28"	103
"1990-03-29"	90
"1990-03-30"	81.2
"1990-03-31"	78.1
"1990-04-01"	80.6
"1990-04-02"	81.4
"1990-04-03"	91.5
"1990-04-04"	127
"1990-04-05"	130
"1990-04-06"	118
"1990-04-07"	102
"1990-04-08"	86.9
"1990-04-09"	76.5
"1990-04-10"	69.1
"1990-04-11"	66.1
"1990-04-12"	72.9
"1990-04-13"	78.3
"1990-04-14"	76.3
"1990-04-15"	71.7
"1990-04-16"	75.4
"1990-04-17"	79.7
"1990-04-18"	92.2
"1990-04-19"	99.4
"1990-04-20"	88.9
"1990-04-21"	81.2
"1990-04-22"	93.4
"1990-04-23"	90.8
"1990-04-24"	81.1
"1990-04-25"	72
"1990-04-26"	63
"1990-04-27"	56.2
"1990-04-28"	51.2
"1990-04-29"	47.1
"1990-04-30"	43.1
"1990-05-01"	40.8
"1990-05-02"	38.3
"1990-05-03"	36.1
"1990-05-04"	33.7
"1990-05-05"	32.1
"1990-05-06"	32.3
"1990-05-07"	35
"1990-05-08"	34.9
"1990-05-09"	34.4
"1990-05-10"	32.2
"1990-05-11"	31
"1990-05-12"	30.9
"1990-05-13"	32
"1990-05-14"	32.1
"1990-05-15"	31.3
"1990-05-16"	31
"1990-05-17"	30.8
"1990-05-18"	38.1
"1990-05-19"	71.2
"1990-05-20"	80
"1990-05-21"	105
"1990-05-22"	162
"1990-05-23"	140
"1990-05-24"	113
"1990-05-25"	82.7
"1990-05-26"	62.7
"1990-05-27"	51.3
"1990-05-28"	45
"1990-05-29"	39.5
"1990-05-30"	36.9
"1990-05-31"	35
"1990-06-01"	31.9
"1990-06-02"	29.2
"1990-06-03"	28
"1990-06-04"	30.8
"1990-06-05"	33
"1990-06-06"	34.7
"1990-06-07"	33.5
"1990-06-08"	30.8
"1990-06-09"	28.3
"1990-06-10"	25.8
"1990-06-11"	25.5
"1990-06-12"	24
"1990-06-13"	23.2
"1990-06-14"	22.3
"1990-06-15"	22
"1990-06-16"	22.1
"1990-06-17"	23.8
"1990-06-18"	23.6
"1990-06-19"	22.4
"1990-06-20"	21.4
"1990-06-21"	20.4
"1990-06-22"	19.6
"1990-06-23"	19.2
"1990-06-24"	20.7
"1990-06-25"	23.3
"1990-06-26"	29
"1990-06-27"	31.4
"1990-06-28"	27.6
"1990-06-29"	23.7
"1990-06-30"	23.6
"1990-07-01"	27.5
"1990-07-02"	30
"1990-07-03"	28.2
"1990-07-04"	25.4
"1990-07-05"	22.5
"1990-07-06"	20.3
"1990-07-07"	18.4
"1990-07-08"	17.1
"1990-07-09"	17
"1990-07-10"	17.2
"1990-07-11"	20.1
"1990-07-12"	21.2
"1990-07-13"	19.2
"1990-07-14"	17.3
"1990-07-15"	16
"1990-07-16"	15.8
"1990-07-17"	16.1
"1990-07-18"	15.3
"1990-07-19"	14.8
"1990-07-20"	14.9
"1990-07-21"	15.1
"1990-07-22"	16.9
"1990-07-23"	18.6
"1990-07-24"	17.1
"1990-07-25"	16.2
"1990-07-26"	15.3
"1990-07-27"	15
"1990-07-28"	13.8
"1990-07-29"	13
"1990-07-30"	13.2
"1990-07-31"	13.4
"1990-08-01"	17.7
"1990-08-02"	29.8
"1990-08-03"	24.6
"1990-08-04"	20.6
"1990-08-05"	17.9
"1990-08-06"	16.2
"1990-08-07"	15.6
"1990-08-08"	15.3
"1990-08-09"	14.7
"1990-08-10"	13.8
"1990-08-11"	13.3
"1990-08-12"	12.9
"1990-08-13"	12.5
"1990-08-14"	12.6
"1990-08-15"	17.5
"1990-08-16"	20.5
"1990-08-17"	17.8
"1990-08-18"	16.1
"1990-08-19"	14.7
"1990-08-20"	13.7
"1990-08-21"	13.2
"1990-08-22"	13
"1990-08-23"	12.6
"1990-08-24"	12.3
"1990-08-25"	12
"1990-08-26"	12.1
"1990-08-27"	11.5
"1990-08-28"	11
"1990-08-29"	14.3
"1990-08-30"	18.8
"1990-08-31"	17.9
"1990-09-01"	15.9
"1990-09-02"	14.6
"1990-09-03"	13.1
"1990-09-04"	11.9
"1990-09-05"	12.5
"1990-09-06"	12.5
"1990-09-07"	13.2
"1990-09-08"	13.1
"1990-09-09"	12.6
"1990-09-10"	12
"1990-09-11"	11.9
"1990-09-12"	12.1
"1990-09-13"	12.2
"1990-09-14"	11.9
"1990-09-15"	11.8
"1990-09-16"	13.4
"1990-09-17"	16.5
"1990-09-18"	17.4
"1990-09-19"	16.3
"1990-09-20"	14.9
"1990-09-21"	14.5
"1990-09-22"	14
"1990-09-23"	14
"1990-09-24"	15.4
"1990-09-25"	16.4
"1990-09-26"	17.6
"1990-09-27"	17.9
"1990-09-28"	19.1
"1990-09-29"	18.3
"1990-09-30"	17
"1990-10-01"	16.4
"1990-10-02"	18.9
"1990-10-03"	25.8
"1990-10-04"	26
"1990-10-05"	27
"1990-10-06"	31.1
"1990-10-07"	34.9
"1990-10-08"	32.2
"1990-10-09"	29.3
"1990-10-10"	31.2
"1990-10-11"	73.4
"1990-10-12"	120
"1990-10-13"	110
"1990-10-14"	88.9
"1990-10-15"	72
"1990-10-16"	63.2
"1990-10-17"	56.6
"1990-10-18"	53.6
"1990-10-19"	69.6
"1990-10-20"	103
"1990-10-21"	98.1
"1990-10-22"	79.6
"1990-10-23"	64.3
"1990-10-24"	52.8
"1990-10-25"	45.6
"1990-10-26"	40.3
"1990-10-27"	36.9
"1990-10-28"	33.9
"1990-10-29"	31.8
"1990-10-30"	33.4
"1990-10-31"	33.2
"1990-11-01"	32.3
"1990-11-02"	31
"1990-11-03"	29.7
"1990-11-04"	28.6
"1990-11-05"	26.9
"1990-11-06"	37.2
"1990-11-07"	173
"1990-11-08"	172
"1990-11-09"	151
"1990-11-10"	126
"1990-11-11"	103
"1990-11-12"	89.7
"1990-11-13"	81.3
"1990-11-14"	72.6
"1990-11-15"	66
"1990-11-16"	70.2
"1990-11-17"	76.1
"1990-11-18"	98
"1990-11-19"	94.8
"1990-11-20"	78.7
"1990-11-21"	64.7
"1990-11-22"	56.7
"1990-11-23"	103
"1990-11-24"	153
"1990-11-25"	146
"1990-11-26"	128
"1990-11-27"	108
"1990-11-28"	141
"1990-11-29"	229
"1990-11-30"	229
"1990-12-01"	191
"1990-12-02"	149
"1990-12-03"	117
"1990-12-04"	96.4
"1990-12-05"	90.9
"1990-12-06"	86
"1990-12-07"	88
"1990-12-08"	84.7
"1990-12-09"	78.4
"1990-12-10"	76
"1990-12-11"	105
"1990-12-12"	88.7
"1990-12-13"	72.8
"1990-12-14"	79
"1990-12-15"	81.4
"1990-12-16"	74.3
"1990-12-17"	71.7
"1990-12-18"	66.5
"1990-12-19"	66.9
"1990-12-20"	80.9
"1990-12-21"	76
"1990-12-22"	69.2
"1990-12-23"	83.7
"1990-12-24"	98.2
"1990-12-25"	104
"1990-12-26"	79
"1990-12-27"	55
"1990-12-28"	50
"1990-12-29"	45
"1990-12-30"	142
"1990-12-31"	370
"1991-01-01"	306
"1991-01-02"	245
"1991-01-03"	190
"1991-01-04"	155
"1991-01-05"	115
"1991-01-06"	83
"1991-01-07"	74.5
"1991-01-08"	67
"1991-01-09"	62.5
"1991-01-10"	68.1
"1991-01-11"	68.1
"1991-01-12"	63
"1991-01-13"	59.5
"1991-01-14"	62.5
"1991-01-15"	67.5
"1991-01-16"	64
"1991-01-17"	63
"1991-01-18"	61.4
"1991-01-19"	60.7
"1991-01-20"	60.3
"1991-01-21"	60
"1991-01-22"	50
"1991-01-23"	46.5
"1991-01-24"	47
"1991-01-25"	49.5
"1991-01-26"	44
"1991-01-27"	40.7
"1991-01-28"	37.8
"1991-01-29"	35.6
"1991-01-30"	34.1
"1991-01-31"	32.6
"1991-02-01"	31.4
"1991-02-02"	30.3
"1991-02-03"	32.2
"1991-02-04"	35.1
"1991-02-05"	43.2
"1991-02-06"	56.8
"1991-02-07"	70.6
"1991-02-08"	72.1
"1991-02-09"	73.6
"1991-02-10"	78
"1991-02-11"	82
"1991-02-12"	62
"1991-02-13"	54.4
"1991-02-14"	49.2
"1991-02-15"	58
"1991-02-16"	42.8
"1991-02-17"	33.9
"1991-02-18"	36.2
"1991-02-19"	45.7
"1991-02-20"	54.4
"1991-02-21"	119
"1991-02-22"	130
"1991-02-23"	145
"1991-02-24"	123
"1991-02-25"	101
"1991-02-26"	86
"1991-02-27"	71
"1991-02-28"	60
"1991-03-01"	51.5
"1991-03-02"	58.6
"1991-03-03"	182
"1991-03-04"	317
"1991-03-05"	250
"1991-03-06"	218
"1991-03-07"	208
"1991-03-08"	210
"1991-03-09"	173
"1991-03-10"	151
"1991-03-11"	131
"1991-03-12"	110
"1991-03-13"	89.9
"1991-03-14"	82
"1991-03-15"	76.7
"1991-03-16"	75.6
"1991-03-17"	81.1
"1991-03-18"	88.1
"1991-03-19"	108
"1991-03-20"	152
"1991-03-21"	151
"1991-03-22"	147
"1991-03-23"	146
"1991-03-24"	148
"1991-03-25"	199
"1991-03-26"	214
"1991-03-27"	187
"1991-03-28"	202
"1991-03-29"	405
"1991-03-30"	393
"1991-03-31"	380
"1991-04-01"	234
"1991-04-02"	172
"1991-04-03"	143
"1991-04-04"	123
"1991-04-05"	107
"1991-04-06"	99.8
"1991-04-07"	101
"1991-04-08"	101
"1991-04-09"	103
"1991-04-10"	234
"1991-04-11"	316
"1991-04-12"	335
"1991-04-13"	263
"1991-04-14"	171
"1991-04-15"	130
"1991-04-16"	140
"1991-04-17"	213
"1991-04-18"	205
"1991-04-19"	177
"1991-04-20"	139
"1991-04-21"	122
"1991-04-22"	155
"1991-04-23"	165
"1991-04-24"	153
"1991-04-25"	133
"1991-04-26"	114
"1991-04-27"	98
"1991-04-28"	86.5
"1991-04-29"	80.2
"1991-04-30"	80.8
"1991-05-01"	77
"1991-05-02"	71
"1991-05-03"	67.1
"1991-05-04"	64.2
"1991-05-05"	60.8
"1991-05-06"	57.4
"1991-05-07"	54.8
"1991-05-08"	54.9
"1991-05-09"	53.6
"1991-05-10"	51.9
"1991-05-11"	50.6
"1991-05-12"	47.4
"1991-05-13"	46.4
"1991-05-14"	44.5
"1991-05-15"	41.9
"1991-05-16"	42.6
"1991-05-17"	41.5
"1991-05-18"	41
"1991-05-19"	47.1
"1991-05-20"	46.5
"1991-05-21"	42.6
"1991-05-22"	39.4
"1991-05-23"	36.3
"1991-05-24"	33.7
"1991-05-25"	31.1
"1991-05-26"	32
"1991-05-27"	39.3
"1991-05-28"	64.5
"1991-05-29"	66.6
"1991-05-30"	57.8
"1991-05-31"	51.3
"1991-06-01"	46.2
"1991-06-02"	40.7
"1991-06-03"	35.9
"1991-06-04"	32.3
"1991-06-05"	29.7
"1991-06-06"	28.2
"1991-06-07"	26.8
"1991-06-08"	25.3
"1991-06-09"	24
"1991-06-10"	22.4
"1991-06-11"	21.7
"1991-06-12"	21.1
"1991-06-13"	24.6
"1991-06-14"	29.3
"1991-06-15"	27.7
"1991-06-16"	24.9
"1991-06-17"	23.7
"1991-06-18"	24.3
"1991-06-19"	25.3
"1991-06-20"	25.7
"1991-06-21"	22.2
"1991-06-22"	20.4
"1991-06-23"	18.9
"1991-06-24"	17.6
"1991-06-25"	17.5
"1991-06-26"	16.7
"1991-06-27"	16.1
"1991-06-28"	15.7
"1991-06-29"	15.7
"1991-06-30"	15.7
"1991-07-01"	15.4
"1991-07-02"	16.4
"1991-07-03"	15.1
"1991-07-04"	16.7
"1991-07-05"	23.1
"1991-07-06"	31.6
"1991-07-07"	34.2
"1991-07-08"	77.2
"1991-07-09"	106
"1991-07-10"	71.3
"1991-07-11"	49.1
"1991-07-12"	38
"1991-07-13"	28.1
"1991-07-14"	25.3
"1991-07-15"	23.2
"1991-07-16"	20.9
"1991-07-17"	19.6
"1991-07-18"	18.2
"1991-07-19"	17.3
"1991-07-20"	17.2
"1991-07-21"	15.7
"1991-07-22"	16.6
"1991-07-23"	16.3
"1991-07-24"	16.4
"1991-07-25"	16.5
"1991-07-26"	15.9
"1991-07-27"	14.9
"1991-07-28"	14.4
"1991-07-29"	14
"1991-07-30"	14
"1991-07-31"	17.7
"1991-08-01"	23.8
"1991-08-02"	25.5
"1991-08-03"	21
"1991-08-04"	20.6
"1991-08-05"	22
"1991-08-06"	23
"1991-08-07"	22.1
"1991-08-08"	19.4
"1991-08-09"	17.2
"1991-08-10"	16.2
"1991-08-11"	15.8
"1991-08-12"	14.5
"1991-08-13"	14.5
"1991-08-14"	14.4
"1991-08-15"	14.3
"1991-08-16"	13.6
"1991-08-17"	13.1
"1991-08-18"	12.9
"1991-08-19"	13.1
"1991-08-20"	14.3
"1991-08-21"	14.4
"1991-08-22"	14.3
"1991-08-23"	13.5
"1991-08-24"	13
"1991-08-25"	12.6
"1991-08-26"	12.5
"1991-08-27"	11.5
"1991-08-28"	11.6
"1991-08-29"	11.6
"1991-08-30"	11.5
"1991-08-31"	11
"1991-09-01"	10.9
"1991-09-02"	10.2
"1991-09-03"	10.3
"1991-09-04"	10
"1991-09-05"	10.7
"1991-09-06"	10.9
"1991-09-07"	11.1
"1991-09-08"	10.9
"1991-09-09"	10.5
"1991-09-10"	10.3
"1991-09-11"	10.6
"1991-09-12"	11.9
"1991-09-13"	12.3
"1991-09-14"	11.5
"1991-09-15"	10.9
"1991-09-16"	11.3
"1991-09-17"	11.4
"1991-09-18"	12.4
"1991-09-19"	14.7
"1991-09-20"	13.2
"1991-09-21"	12.9
"1991-09-22"	12.3
"1991-09-23"	11.7
"1991-09-24"	11.5
"1991-09-25"	12.5
"1991-09-26"	13.7
"1991-09-27"	13.6
"1991-09-28"	15
"1991-09-29"	16.6
"1991-09-30"	17.3
"1991-10-01"	16.3
"1991-10-02"	15.7
"1991-10-03"	16.2
"1991-10-04"	17
"1991-10-05"	22.5
"1991-10-06"	25
"1991-10-07"	23.4
"1991-10-08"	21.9
"1991-10-09"	21.6
"1991-10-10"	20.6
"1991-10-11"	19
"1991-10-12"	17.5
"1991-10-13"	16.6
"1991-10-14"	15.7
"1991-10-15"	14.7
"1991-10-16"	14.8
"1991-10-17"	16.3
"1991-10-18"	17.5
"1991-10-19"	16.4
"1991-10-20"	16.3
"1991-10-21"	16.6
"1991-10-22"	16.2
"1991-10-23"	16.2
"1991-10-24"	16
"1991-10-25"	15.4
"1991-10-26"	16.3
"1991-10-27"	20
"1991-10-28"	48.7
"1991-10-29"	58.9
"1991-10-30"	47.1
"1991-10-31"	37.8
"1991-11-01"	31.8

